<?xml version="1.0" encoding="utf-8"?>
<resources>
    <string name="app_name">Group Project App</string>
    <string name="contDesc1">button to the living room activity</string>
    <string name="contDesc2">button to the kitchen activity</string>
    <string name="contDesc3">button to the house activity</string>
    <string name="contDesc4">button to automobile activity</string>
    <string name="contDesc5">button to information</string>
    <string name="welcomeText">Welcome to the smart home app! Please click on an icon.</string>
    <string name="contDescLR1">button to the welcome page</string>
    <string name="contDescLR2">button to add item to list</string>
    <string name="contDescLR3">button to remove item from list</string>
    <string name="contDescLR4">button for information</string>
    <string name="TVRemoteTitle">Television</string>
    <string name="TVRemoteONOFF">Turn TV On/Off</string>
    <string name="TVRemoteToggleON">ON</string>
    <string name="TVRemoteToggleOFF">OFF</string>
    <string name="TVRemoteChannelSelect">TV Channel</string>
    <string name="TVRemoteChannelS">00</string>
    <string name="channel_down">Channel Down</string>
    <string name="channel_up">Channel Up</string>
    <string name="enter">Enter</string>
    <string name="volume_down">Volume -</string>
    <string name="volume_up">Volume +</string>
    <string name="channel_up_button">channel up button</string>
    <string name="channel_enter_button">Channel enter Button</string>
    <string name="channel_down_button">channel down button</string>
    <string name="volume_down_button">volume down button</string>
    <string name="volume_up_button">volume up button</string>

</resources>
